{
  "rmse": 1.3840416989914712,
  "mae": 0.9701715974092483,
  "precision_at_10": 0.020169851380042462
}